{
  "build": {
    "cpu": "cortex-m4",
    "extra_flags": "-DSTM32L4 -DSTM32L431xx",
    "f_cpu": "80000000L",
    "mcu": "stm32l431CCU6",
    "product_line": "STM32L432xx",
    "variant": "BRMicroNode"
  },
  "debug": {
    "default_tools": [
      "stlink"
    ],
    "jlink_device": "STM32L432KC",
    "onboard_tools": [
      "stlink"
    ],
    "openocd_target": "stm32l4x",
    "svd_path": "STM32L4x2.svd"
  },
  "frameworks": [
    "arduino"
  ],
  "name": "Beyond Robotix Micro Node",
  "upload": {
    "maximum_ram_size": 65536,
    "maximum_size": 262144,
    "protocol": "stlink",
    "protocols": [
      "jlink",
      "cmsis-dap",
      "stlink",
      "blackmagic",
      "mbed"
    ]
  },
  "url": "",
  "vendor": "Beyond Robotix"
}
